{
  "best_map": {
    "best_res": 0.4207960300286198,
    "best_ep": 2
  },
  "best_aps": {
    "best_res": 0.2770794722263512,
    "best_ep": 2
  }
}