{
  "best_map": {
    "best_res": 0.41372208420364576,
    "best_ep": 10
  },
  "best_aps": {
    "best_res": 0.278021521474302,
    "best_ep": 11
  }
}