{
  "best_map": {
    "best_res": 0.42908056804518474,
    "best_ep": 0
  },
  "best_aps": {
    "best_res": 0.28094056089608094,
    "best_ep": 0
  }
}