{
  "best_map": {
    "best_res": 0.4297327813089335,
    "best_ep": 13
  },
  "best_aps": {
    "best_res": 0.28343449795940345,
    "best_ep": 10
  }
}