{
  "best_map": {
    "best_res": 0.4318184468609143,
    "best_ep": 2
  },
  "best_aps": {
    "best_res": 0.28222048517032144,
    "best_ep": 0
  }
}