{
  "best_map": {
    "best_res": 0.4206094100828688,
    "best_ep": 1
  },
  "best_aps": {
    "best_res": 0.2771555469446845,
    "best_ep": 1
  }
}