{
  "best_map": {
    "best_res": 0.4272149770395509,
    "best_ep": 2
  },
  "best_aps": {
    "best_res": 0.2778002934253523,
    "best_ep": 2
  }
}