{
  "best_map": {
    "best_res": 0.43082942567750143,
    "best_ep": 2
  },
  "best_aps": {
    "best_res": 0.2813134307792676,
    "best_ep": 2
  }
}